ScientificName,Common name,Type,Description ,Solution 
 Stellaria medi,Chickweed,Useful Weed,"Chickweed (Stellaria media) may appear harmless, but it competes fiercely with crops, stealing nutrients, light, and space, leading to potential yield losses, especially in winter wheat and vegetables. It also serves as a host for pests and viruses, causing further damage. However, chickweed offers several benefits: it's rich in vitamins A, B, C, and D, as well as minerals like calcium and iron. It has medicinal properties, such as anti-inflammatory effects, and is a nutritious, high-protein feed for chickens","Remove chickweed by hand, ensuring you pull out the entire plant and root /
Bag and dispose of all plant parts to prevent re-rooting /
Feed freshly removed chickweed to chickens as a nutritious treat /
Dry excess chickweed in a warm, airy space for later use /
Store dried chickweed in an airtight container /
Rehydrate dried chickweed by soaking it in water before feeding /
Provide year-round nutrition for your flock with stored chickweed /"
Borago officinalis,"Borage, Starflower",Beneficial ,"Borage (Borago officinalis) is an annual herb known for its bright blue, star-shaped flowers and hairy leaves. It is highly beneficial in gardens, improving soil health by drawing up essential minerals like potassium and calcium. Its deep roots aerate compacted soil, and its flowers attract pollinators, enhancing biodiversity. Additionally, borage naturally repels pests and serves as a valuable companion plant. The leaves and flowers are edible, with culinary and medicinal applications.","Manage Growth: Trim back plants before they set seeds to prevent excessive spread /
Utilize as Green Manure: Cut and till mature plants into the soil to enhance fertility /
Harvest for Use: Collect leaves for salads or teas and flowers for garnishes or medicinal purposes /
Compost Unwanted Plants: Remove excess plants and add them to compost for nutrient recycling /
Control Self-Seeding: Regularly monitor and remove unwanted seedlings to keep growth in check /"
Cattail,Typha Leaf Fibers,Beneficial ,"Cattails (Typha spp.) are wetland plants found in Tunisia, helping prevent soil erosion, filter water, and support wildlife. Their fibers are useful in textiles, and other parts serve as food, medicine, and for wastewater treatment. While beneficial, they spread quickly and need proper management.","Control Spread: Cut plants at the base before they produce seeds to limit overgrowth /
Water Level Management: Adjusting water levels in controlled environments can help regulate cattail dominance /
Utilize Harvested Plants: Use leaves for fiber production, compost, or eco-friendly insulation materials? /
Monitor Wetland Health: Regularly check and maintain a balance between cattails and other wetland species to support biodiversity /	"
Allium ,"Wild garlic, wild onion, ramps, crow garlic",Useful Weed,"Allium species are common in Tunisia. They compete with crops for nutrients and space but are also edible, nutritious, and medicinal. Their bulbs and leaves are used in cooking, and they attract pollinators, making them a useful weed.","Manual Removal: Dig out entire plants, including bulbs, in early spring /
Proper Disposal: Bag and dispose of plants to prevent re-rooting /
Soil Management: Till soil regularly and use mulch to suppress growth /
Prevent Spread: Monitor fields and rotate crops to disrupt their life cycle /
Utilize Harvested Plants: Use leaves and bulbs in cooking, or dry and store for later use /
Feed to Livestock: Use fresh plants as nutritious feed for chickens or goats /"
Calendula,marigold,Beneficial ,"Calendula is a versatile flowering plant native to the Mediterranean. Its vibrant orange and yellow flowers are not only visually appealing but also beneficial in gardens. Calendula serves multiple purposes, including medicinal uses for its anti-inflammatory and antiseptic properties, culinary applications, and attracting beneficial pollinators. Additionally, its role in companion planting significantly enhances the productivity of vegetable gardens by improving growth and deterring pests?","Encourage Companion Planting: Use calendula to boost vegetable growth and repel harmful insects when planted with other crops /
Harvest Regularly: Collect flowers for use in teas, skincare, or as a garnish in salads /
Deadhead to Promote Blooms: Remove faded flowers to encourage continuous flowering /
Compost Unwanted Plants: Recycle excess plants into compost to enrich the soil /
Control Spread: If calendula becomes invasive, thin out self-seeded plants to prevent overcrowding /"
Tussilago farfara,Coltsfoot,Useful Weed,"Coltsfoot is a fast-spreading herb that takes up space and nutrients from crops. Though invasive, it has medicinal uses, especially for respiratory health, and its leaves can be used as natural fertilizer. However, it grows quickly and can be hard for farmers and gardeners to control.","Manual Removal: Pull out plants, including roots, to prevent regrowth /
Proper Disposal: Bag and remove uprooted plants to avoid spreading seeds /
Limit Fertilization: Avoid excessive soil disturbance, as it encourages growth /
Mulching: Cover soil with mulch to suppress seedlings /
Monitor Fields: Regularly check and remove new shoots before they spread /"
Sorghum halepense,Johnson Grass,Harmful ,"Johnson Grass is a perennial grass that spreads aggressively through underground rhizomes and seeds. It thrives in cultivated fields, roadsides, and fallow lands, rapidly colonizing areas due to its high growth rate and adaptability. It is particularly problematic in cereal crops, tomatoes, and orchards. When stressed by drought or frost, it produces cyanogenic compounds, making it toxic to livestock.","Early Removal: Pull out young plants before rhizomes develop /
Deep Tillage: Disturb rhizomes to prevent regrowth /
Mulching: Block sunlight to suppress seedlings /
Herbicide Treatment :glyphosate-based herbicides during active growth phases /"
Convolvulus arvensis,Field Bindweed,Harmful ,"Field Bindweed is a perennial vine with an extensive root system that can penetrate over 3 meters deep into the soil. Its twining stems wrap around crops, limiting their growth by reducing access to sunlight and nutrients.","Regular Cutting: Prevent it from flowering and setting seeds /
Dig Out Roots: Remove as much of the root system as possible /
Use Ground Cover: Mulch or plant dense crops to limit growth /
Herbicide Treatment: Use systemic herbicides like glyphosate or 2,4-D amine formulations. Multiple applications may be necessary due to the plant's deep root system. /"
Cyperus rotundus,Nutsedge,Harmful ,"Nutsedge is a fast-growing perennial sedge that spreads through tubers (nutlets), forming dense infestations in irrigated fields. It thrives in warm, moist environments and is particularly challenging due to its ability to regenerate from tuber fragments.","Hand Pulling: Remove entire plants, including tubers /
Soil Solarization: Cover soil with plastic to kill tubers with heat /
Improve Drainage: Nutsedge thrives in moist soil, so avoid overwatering /
Herbicide Control: Apply halosulfuron-methyl-based herbicides, which are effective against nutsedge species. Ensure treatments are made when the weed is actively growing /"
Cuscuta spp,Dodder,Harmful ,"Dodder is a parasitic plant that lacks roots and leaves, relying on host crops for nutrients. It attaches itself to plants like tomatoes, alfalfa, and legumes through specialized structures called haustoria, which penetrate host tissues and extract nutrients.","Remove Infected Plants: Uproot and destroy plants before seeds spread /
Plant Resistant Crops: Avoid host plants that dodder thrives on /
Use Barriers: Prevent spread by maintaining weed-free buffer zones /
Herbicide Control: Pre-emergent herbicides containing pendimethalin can prevent dodder seed germination. For existing infestations, spot treatments with glyphosate may be effective, but care must be taken to avoid damage to host crops /"
Amaranthus spinosus,Spiny Amaranth,Harmful ,Spiny Amaranth is a fast-growing annual weed that produces large numbers of seeds and features sharp spines on its stems. It thrives in disturbed soils and competes aggressively with cultivated crops.,"Early Removal: Pull out young plants before they seed /
Mow or Cut: Regularly remove above-ground growth to weaken the plant /
Mulch Heavily: Block sunlight to prevent germination /
Utilize herbicides containing 2,4-D amine, dicamba, or a combination of both. Products like Brash/Weedmaster (2,4-D + dicamba) have shown efficacy against spiny amaranth. Late spring and summer applications, when the weed is in the seeding stage, are most effective /"
Sinapis arvensis,Wild Mustard ,Harmful ,"Wild Mustard is an annual broadleaf weed that invades cereal crops and competes for light, water, and nutrients. It germinates quickly in open fields and produces large amounts of seeds.","Pull or Cut Early: Remove before it produces seeds /
Crop Rotation: Rotate with crops that suppress mustard growth /
Use Cover Crops: Dense planting reduces wild mustard establishment /
Apply broadleaf-selective herbicides such as those containing 2,4-D or dicamba during the early growth stages of the weed. Timely application is crucial for effective control /"
Arundo donax,Giant Reed,Harmful ,"Giant Reed is a tall, invasive grass that grows along riverbanks, irrigation canals, and wetlands. It spreads rapidly through rhizomes, forming dense thickets that displace native vegetation and consume excessive amounts of water.","Cut and Remove: Repeatedly cut plants to exhaust root energy /
Dig Out Rhizomes: Remove underground parts to prevent regrowth /
Flooding Control: Manage water levels to limit spread /
Systemic herbicides with glyphosate are recommended. Multiple applications may be necessary due to the plant's robust rhizome system. Ensure treatments are conducted during active growth periods for maximum efficacy /"
Lamium amplexicaule,Henbit,Harmful ,"Henbit is a fast-growing winter annual weed from the mint family that spreads quickly in fields, gardens, and roadsides. It competes with crops for water and nutrients, reducing yields, and serves as a host for pests and diseases. Its small purple flowers and square stems allow it to thrive in cool, moist soils, making it a persistent problem in winter crops like wheat and barley. Henbit produces thousands of seeds, ensuring its return year after year.","Early Tillage: Plow or hoe the soil in fall or early spring to destroy young plants /
Mulching: Cover the soil to block light and prevent seed germination /
Crop Rotation: Rotate with spring-planted crops to disrupt its life cycle /
Mowing: Regularly cut henbit in non-crop areas to prevent seed formation /
Herbicide Control: Apply pendimethalin (pre-emergent) to stop germination or 2,4-D/dicamba (post-emergent) to kill active plants /"
Anthriscus sylvestris,cow parsley,Useful Weed,"Cow Parsley is a fast-growing biennial plant commonly found in roadsides, meadows, and pastures. It spreads quickly, competing with crops and native plants for nutrients, but it also has ecological benefits. Its umbrella-shaped white flowers attract pollinators like bees and butterflies, and its leaves and stems have been traditionally used in herbal medicine. However, it can become invasive, reducing biodiversity and overtaking farmland if not managed properly.","Early Cutting: Mow or trim plants before they flower to prevent seed production /
Manual Removal: Pull or dig out young plants, ensuring the entire root is removed to stop regrowth /
Mulching: Cover soil with mulch or dense planting to prevent seedlings from emerging /
Grazing Management: Introduce livestock, such as sheep, which can feed on young plants to help control spread /
Herbicide Control: Apply glyphosate or 2,4-D for targeted removal in heavily infested areas /"
Malva sylvestris,Common Mallow,Useful Weed,"Common mallow is a hardy, fast-growing herb that typically thrives in disturbed soils, field margins, and fallow lands. While it can compete with crops for water and nutrients, its deep taproots help improve soil structure, and its leaves and flowers are valued for their medicinal and culinary properties. When managed appropriately, common mallow contributes to soil fertility and supports beneficial insects without causing significant harm to crops.","Monitor Regularly: Keep an eye out for volunteer mallow growing in your crop areas /
Separate Growth Zones: Allow mallow to grow only in designated buffer areas or field margins /
Manual Removal: Pull out volunteer mallow encroaching on crops before it flowers /
Green Manure Use: In the buffer zones, let mallow mature, then cut and mix it into the soil to boost fertility /
Harvest for Use: Collect leaves and flowers from mallow in the controlled zones for medicinal or culinary uses /"
Achillea millefolium,Common Yarrow ,Useful Weed,"Common yarrow has finely divided, fern-like leaves and clusters of small white to pink flowers. It is well known in traditional medicine for its anti-inflammatory and healing properties. In the field, yarrow can enhance soil quality and support beneficial insects. Despite these advantages, volunteer yarrow may encroach on crop areas if not properly controlled.","Regular Monitoring: Keep a close watch for volunteer yarrow in and around crop areas /
Designate Growth Zones: Encourage yarrow to grow in designated buffer zones or field margins away from main crops /
Manual Removal: Pull or cut back volunteer yarrow that appears within crop rows before it flowers and sets seed /
Green Manure Use: In the buffer zones, allow yarrow to mature, then cut it down and incorporate it into the soil to boost organic matter and nutrients /
Harvest for Medicinal Use: Collect leaves and flowers from controlled yarrow stands for herbal remedies, ensuring you leave enough plants to maintain its ecological benefits /
Mulching: Apply mulch in crop areas to suppress unwanted yarrow seed germination while allowing it to thrive in designated zones /"
Taraxacum officinale,Dendelion,Beneficial ,"Dandelions are not just common weeds; they are a beneficial plant with significant ecological and medicinal value. Their deep taproots help improve soil structure and recycle nutrients, while their bright yellow flowers attract pollinators. Medically, dandelion has been used for liver detoxification, as a diuretic, and for its anti-inflammatory properties. Additionally, dandelion leaves and roots are edible and rich in vitamins, making them a useful resource in herbal remedies and culinary applications","Check Regularly: Monitor field edges for dandelions /
Designate Zones: Let dandelions grow only in buffer areas away from crops /
Harvest for Medicine: Collect leaves, flowers, and roots to make teas or tinctures /
Use as Green Manure: Cut mature dandelions and mix them into the soil /
Remove Excess: Pull any stray dandelions from crop areas to prevent competition /"
